username,name,email
john_diy,John Smith,john@example.com
sarah_maker,Sarah Johnson,sarah@example.com
mike_build,Mike Chen,mike@example.com
lisa_craft,Lisa Rodriguez,lisa@example.com
david_tools,David Wilson,david@example.com
emma_fix,Emma Brown,emma@example.com
demo_user,Demo User,demo@toolshare.com
